satellite,instrument,satellite-description,instrument-description
ace,cris,ace,cris
ace,epam,ace,epam
ace,mag,ace,mag
ace,sepica ,ace,sepica 
ace,sis,ace,sis
ace,swepam,ace,swepam
ace,swics,ace,swics
ace,swims,ace,swims
ace,uleis,ace,uleis
aditya-1,aspex,aditya-1,aspex
aditya-1,hel1os,aditya-1,hel1os
aditya-1,magnetometer,aditya-1,magnetometer
aditya-1,papa,aditya-1,papa
aditya-1,solexs,aditya-1,solexs
aditya-1,suit,aditya-1,suit
aditya-1,velc,aditya-1,velc
arase-erg,hep-e,arase-erg,hep-e
arase-erg,lep-e,arase-erg,lep-e
arase-erg,lep-i,arase-erg,lep-i
arase-erg,mep-e,arase-erg,mep-e
arase-erg,mep-i,arase-erg,mep-i
arase-erg,mgf,arase-erg,mgf
arase-erg,pwe,arase-erg,pwe
arase-erg,xep-e,arase-erg,xep-e
arctica-m-n1,ggak-e-fm-e,arctica-m-n1,ggak-e-fm-e
arctica-m-n1,ggak-e-gals-e,arctica-m-n1,ggak-e-gals-e
arctica-m-n1,ggak-e-skif-6,arctica-m-n1,ggak-e-skif-6
arctica-m-n2,ggak-e-fm-e,arctica-m-n2,ggak-e-fm-e
arctica-m-n2,ggak-e-gals-e,arctica-m-n2,ggak-e-gals-e
arctica-m-n2,ggak-e-skif-6,arctica-m-n2,ggak-e-skif-6
artemis-p1,efi,artemis-p1,efi
artemis-p1,esa,artemis-p1,esa
artemis-p1,fgm,artemis-p1,fgm
artemis-p1,scm,artemis-p1,scm
artemis-p1,sst,artemis-p1,sst
artemis-p2,efi,artemis-p2,efi
artemis-p2,esa,artemis-p2,esa
artemis-p2,fgm,artemis-p2,fgm
artemis-p2,scm,artemis-p2,scm
artemis-p2,sst,artemis-p2,sst
aso-s,fmg,aso-s,fmg
aso-s,hxi,aso-s,hxi
aso-s,lst,aso-s,lst
cluster-1,cis,cluster-1,cis
cluster-1,edi,cluster-1,edi
cluster-1,efw,cluster-1,efw
cluster-1,fgm,cluster-1,fgm
cluster-1,peace,cluster-1,peace
cluster-1,rapid,cluster-1,rapid
cluster-1,staff,cluster-1,staff
cluster-1,wbd,cluster-1,wbd
cluster-1,whisper,cluster-1,whisper
cluster-2,cis,cluster-2,cis
cluster-2,edi,cluster-2,edi
cluster-2,efw,cluster-2,efw
cluster-2,fgm,cluster-2,fgm
cluster-2,peace,cluster-2,peace
cluster-2,rapid,cluster-2,rapid
cluster-2,staff,cluster-2,staff
cluster-2,wbd,cluster-2,wbd
cluster-2,whisper,cluster-2,whisper
cluster-3,cis,cluster-3,cis
cluster-3,edi,cluster-3,edi
cluster-3,efw,cluster-3,efw
cluster-3,fgm,cluster-3,fgm
cluster-3,peace,cluster-3,peace
cluster-3,rapid,cluster-3,rapid
cluster-3,staff,cluster-3,staff
cluster-3,wbd,cluster-3,wbd
cluster-3,whisper,cluster-3,whisper
cluster-4,cis,cluster-4,cis
cluster-4,edi,cluster-4,edi
cluster-4,efw,cluster-4,efw
cluster-4,fgm,cluster-4,fgm
cluster-4,peace,cluster-4,peace
cluster-4,rapid,cluster-4,rapid
cluster-4,staff,cluster-4,staff
cluster-4,wbd,cluster-4,wbd
cluster-4,whisper,cluster-4,whisper
diademe-1,rra,diademe-1,rra
diademe-2,rra,diademe-2,rra
dmsp-f17,sess-ssi-es-3,dmsp-f17,sess-ssi-es-3
dmsp-f17,sess-ssj5,dmsp-f17,sess-ssj5
dmsp-f17,sess-ssm-boom,dmsp-f17,sess-ssm-boom
dmsp-f17,sess-ssuli,dmsp-f17,sess-ssuli
dmsp-f17,sess-ssusi,dmsp-f17,sess-ssusi
dmsp-f18,sess-ssi-es-3,dmsp-f18,sess-ssi-es-3
dmsp-f18,sess-ssj5,dmsp-f18,sess-ssj5
dmsp-f18,sess-ssm-boom,dmsp-f18,sess-ssm-boom
dmsp-f18,sess-ssuli,dmsp-f18,sess-ssuli
dmsp-f18,sess-ssusi,dmsp-f18,sess-ssusi
dscovr,es,dscovr,es
dscovr,fc,dscovr,fc
dscovr,mag,dscovr,mag
electro-l-n2,ggak-e-dir-e,electro-l-n2,ggak-e-dir-e
electro-l-n2,ggak-e-gals-e,electro-l-n2,ggak-e-gals-e
electro-l-n2,ggak-e-skif-6,electro-l-n2,ggak-e-skif-6
electro-l-n2,ggak-e-skl-e,electro-l-n2,ggak-e-skl-e
electro-l-n2,ggak-e-vuss-e,electro-l-n2,ggak-e-vuss-e
electro-l-n3,ggak-e-dir-e,electro-l-n3,ggak-e-dir-e
electro-l-n3,ggak-e-gals-e,electro-l-n3,ggak-e-gals-e
electro-l-n3,ggak-e-skif-6,electro-l-n3,ggak-e-skif-6
electro-l-n3,ggak-e-skl-e,electro-l-n3,ggak-e-skl-e
electro-l-n3,ggak-e-vuss-e,electro-l-n3,ggak-e-vuss-e
electro-l-n4,ggak-e-dir-e,electro-l-n4,ggak-e-dir-e
electro-l-n4,ggak-e-fm-e,electro-l-n4,ggak-e-fm-e
electro-l-n4,ggak-e-gals-e,electro-l-n4,ggak-e-gals-e
electro-l-n4,ggak-e-isp-2m,electro-l-n4,ggak-e-isp-2m
electro-l-n4,ggak-e-skif-6,electro-l-n4,ggak-e-skif-6
electro-l-n4,ggak-e-skl-e,electro-l-n4,ggak-e-skl-e
electro-l-n4,ggak-e-vuss-e,electro-l-n4,ggak-e-vuss-e
formosat-5,aip,formosat-5,aip
fy-2g,sem,fy-2g,sem
fy-2g,sxm,fy-2g,sxm
fy-2h,sem,fy-2h,sem
fy-2h,sxm,fy-2h,sxm
fy-3c,sem-hepd,fy-3c,sem-hepd
fy-3c,sem-ims,fy-3c,sem-ims
fy-3d,sem-hepd,fy-3d,sem-hepd
fy-3d,sws-sem-ims,fy-3d,sws-sem-ims
fy-3d,sws-wai,fy-3d,sws-wai
fy-3e,sws-sem-fgm,fy-3e,sws-sem-fgm
fy-3e,sws-sem-hepd,fy-3e,sws-sem-hepd
fy-3e,sws-sem-ims,fy-3e,sws-sem-ims
fy-3e,sws-tri-ipm,fy-3e,sws-tri-ipm
fy-3e,xeuvi,fy-3e,xeuvi
fy-4a,sep-fields,fy-4a,sep-fields
fy-4a,sep-heps,fy-4a,sep-heps
fy-4b,fgm,fy-4b,fgm
fy-4b,sep-fields,fy-4b,sep-fields
fy-4b,sep-heps,fy-4b,sep-heps
fy-4b,sep-leps,fy-4b,sep-leps
fy-4b,sep-meps,fy-4b,sep-meps
fy-4c,sep-fields,fy-4c,sep-fields
fy-4c,sep-heps,fy-4c,sep-heps
fy-4c,sep-leps,fy-4c,sep-leps
fy-4c,sep-meps,fy-4c,sep-meps
fy-4c,suvi,fy-4c,suvi
fy-4c,sxeuv,fy-4c,sxeuv
fy-4c,sxus,fy-4c,sxus
fy-4d,sep-fields,fy-4d,sep-fields
fy-4d,sep-heps,fy-4d,sep-heps
fy-4d,sep-leps,fy-4d,sep-leps
fy-4d,sep-meps,fy-4d,sep-meps
fy-4d,suvi,fy-4d,suvi
fy-4d,sxeuv,fy-4d,sxeuv
fy-4d,sxus,fy-4d,sxus
fy-4e,sep-fields,fy-4e,sep-fields
fy-4e,sep-heps,fy-4e,sep-heps
fy-4e,sep-leps,fy-4e,sep-leps
fy-4e,sep-meps,fy-4e,sep-meps
fy-4e,suvi,fy-4e,suvi
fy-4e,sxeuv,fy-4e,sxeuv
fy-4e,sxus,fy-4e,sxus
galileo,emu,galileo,emu
geo-kompsat-2a,ksem-mag,geo-kompsat-2a,ksem-mag
geo-kompsat-2a,ksem-pd,geo-kompsat-2a,ksem-pd
goes-14,sem-eps,goes-14,sem-eps
goes-14,sem-hepad,goes-14,sem-hepad
goes-14,sem-mag,goes-14,sem-mag
goes-14,sem-xrs-euv,goes-14,sem-xrs-euv
goes-14,sxi,goes-14,sxi
goes-16,exis,goes-16,exis
goes-16,seiss-ehis,goes-16,seiss-ehis
goes-16,seiss-mps,goes-16,seiss-mps
goes-16,seiss-sgps,goes-16,seiss-sgps
goes-16,sem-mag,goes-16,sem-mag
goes-16,suvi,goes-16,suvi
goes-17,exis,goes-17,exis
goes-17,seiss-ehis,goes-17,seiss-ehis
goes-17,seiss-mps,goes-17,seiss-mps
goes-17,seiss-sgps,goes-17,seiss-sgps
goes-17,sem-mag,goes-17,sem-mag
goes-17,suvi,goes-17,suvi
goes-18,exis,goes-18,exis
goes-18,seiss-ehis,goes-18,seiss-ehis
goes-18,seiss-mps,goes-18,seiss-mps
goes-18,seiss-sgps,goes-18,seiss-sgps
goes-18,sem-mag,goes-18,sem-mag
goes-18,suvi,goes-18,suvi
grace-fo,superstar,grace-fo,superstar
icon,euv,icon,euv
icon,fuv,icon,fuv
icon,ivm,icon,ivm
iris,iris,iris,iris
iss-gari,gari,iss-gari,gari
jason-3,carmen,jason-3,carmen
jason-3,lpt,jason-3,lpt
lemur-2,stratos,lemur-2,stratos
mats,mats,mats,mats
meteor-m-n2,ggak-e-gals-e,meteor-m-n2,ggak-e-gals-e
meteor-m-n2,ggak-e-skif-6,meteor-m-n2,ggak-e-skif-6
meteor-m-n2,ggak-m-rims-m,meteor-m-n2,ggak-m-rims-m
meteor-m-n2-2,ggak-e-gals-e,meteor-m-n2-2,ggak-e-gals-e
meteor-m-n2-2,ggak-e-skif-6,meteor-m-n2-2,ggak-e-skif-6
meteor-m-n2-2,ggak-m-rims-m,meteor-m-n2-2,ggak-m-rims-m
meteor-m-n2-3,ggak-e-gals-e,meteor-m-n2-3,ggak-e-gals-e
meteor-m-n2-3,ggak-e-skif-6,meteor-m-n2-3,ggak-e-skif-6
meteor-m-n2-3,ggak-m-rims-m,meteor-m-n2-3,ggak-m-rims-m
meteor-m-n2-4,ggak-e-gals-e,meteor-m-n2-4,ggak-e-gals-e
meteor-m-n2-4,ggak-e-skif-6,meteor-m-n2-4,ggak-e-skif-6
meteor-m-n2-4,ggak-m-rims-m,meteor-m-n2-4,ggak-m-rims-m
metop-b,sem-meped,metop-b,sem-meped
metop-b,sem-ted,metop-b,sem-ted
metop-c,sem-meped,metop-c,sem-meped
metop-c,sem-ted,metop-c,sem-ted
mms-a,afg,mms-a,afg
mms-a,dfg,mms-a,dfg
mms-a,dp,mms-a,dp
mms-a,edi,mms-a,edi
mms-a,eis,mms-a,eis
mms-a,feeps,mms-a,feeps
mms-a,fpi,mms-a,fpi
mms-a,hpca,mms-a,hpca
mms-a,scm,mms-a,scm
mms-b,afg,mms-b,afg
mms-b,dfg,mms-b,dfg
mms-b,dp,mms-b,dp
mms-b,edi,mms-b,edi
mms-b,eis,mms-b,eis
mms-b,feeps,mms-b,feeps
mms-b,fpi,mms-b,fpi
mms-b,hpca,mms-b,hpca
mms-b,scm,mms-b,scm
mms-c,afg,mms-c,afg
mms-c,dfg,mms-c,dfg
mms-c,dp,mms-c,dp
mms-c,edi,mms-c,edi
mms-c,eis,mms-c,eis
mms-c,feeps,mms-c,feeps
mms-c,fpi,mms-c,fpi
mms-c,hpca,mms-c,hpca
mms-c,scm,mms-c,scm
mms-d,afg,mms-d,afg
mms-d,dfg,mms-d,dfg
mms-d,dp,mms-d,dp
mms-d,edi,mms-d,edi
mms-d,eis,mms-d,eis
mms-d,feeps,mms-d,feeps
mms-d,fpi,mms-d,fpi
mms-d,hpca,mms-d,hpca
mms-d,scm,mms-d,scm
noaa-15,sem-meped,noaa-15,sem-meped
noaa-15,sem-ted,noaa-15,sem-ted
noaa-18,sem-meped,noaa-18,sem-meped
noaa-18,sem-ted,noaa-18,sem-ted
noaa-19,sem-meped,noaa-19,sem-meped
noaa-19,sem-ted,noaa-19,sem-ted
parker-solar-probe,fields,parker-solar-probe,fields
parker-solar-probe,isis-epi,parker-solar-probe,isis-epi
parker-solar-probe,sweapi,parker-solar-probe,sweapi
parker-solar-probe,wispr,parker-solar-probe,wispr
proba-2,dslp,proba-2,dslp
proba-2,lyra,proba-2,lyra
proba-2,swap,proba-2,swap
proba-2,tpmu,proba-2,tpmu
sdo,aia,sdo,aia
sdo,eve,sdo,eve
sdo,hmi,sdo,hmi
sich-2-30,potential,sich-2-30,potential
soho,cds,soho,cds
soho,celias,soho,celias
soho,costep,soho,costep
soho,eit,soho,eit
soho,erne,soho,erne
soho,golf,soho,golf
soho,lasco,soho,lasco
soho,mdi,soho,mdi
soho,sem,soho,sem
soho,sumer,soho,sumer
soho,swan,soho,swan
soho,uvcs,soho,uvcs
soho,virgo ,soho,virgo 
solar-b,eis,solar-b,eis
solar-b,sot,solar-b,sot
solar-b,xrt,solar-b,xrt
solar-orbiter,epd,solar-orbiter,epd
solar-orbiter,eui,solar-orbiter,eui
solar-orbiter,mag,solar-orbiter,mag
solar-orbiter,metis,solar-orbiter,metis
solar-orbiter,phi,solar-orbiter,phi
solar-orbiter,rpw,solar-orbiter,rpw
solar-orbiter,solohi,solar-orbiter,solohi
solar-orbiter,spice,solar-orbiter,spice
solar-orbiter,stix,solar-orbiter,stix
solar-orbiter,swa,solar-orbiter,swa
starlette,lr,starlette,lr
stella,lr,stella,lr
stereo-a,impact-mag,stereo-a,impact-mag
stereo-a,impact-sep,stereo-a,impact-sep
stereo-a,impact-ste,stereo-a,impact-ste
stereo-a,impact-swea,stereo-a,impact-swea
stereo-a,plastic,stereo-a,plastic
stereo-a,secchi-cor-1,stereo-a,secchi-cor-1
stereo-a,secchi-cor-2,stereo-a,secchi-cor-2
stereo-a,secchi-euvi,stereo-a,secchi-euvi
stereo-a,secchi-hi-1,stereo-a,secchi-hi-1
stereo-a,secchi-hi-2,stereo-a,secchi-hi-2
stereo-a,s-waves,stereo-a,s-waves
swarm-a,acc,swarm-a,acc
swarm-a,asm,swarm-a,asm
swarm-a,efi,swarm-a,efi
swarm-a,vfm,swarm-a,vfm
swarm-b,acc,swarm-b,acc
swarm-b,asm,swarm-b,asm
swarm-b,efi,swarm-b,efi
swarm-b,vfm,swarm-b,vfm
swarm-c,acc,swarm-c,acc
swarm-c,asm,swarm-c,asm
swarm-c,efi,swarm-c,efi
swarm-c,vfm,swarm-c,vfm
tempo,tempo,tempo,tempo
th-1c,ms,th-1c,ms
themis-a,efi,themis-a,efi
themis-a,esa,themis-a,esa
themis-a,fgm,themis-a,fgm
themis-a,scm,themis-a,scm
themis-a,sst,themis-a,sst
themis-d,efi,themis-d,efi
themis-d,esa,themis-d,esa
themis-d,fgm,themis-d,fgm
themis-d,scm,themis-d,scm
themis-d,sst,themis-d,sst
themis-e,efi,themis-e,efi
themis-e,esa,themis-e,esa
themis-e,fgm,themis-e,fgm
themis-e,scm,themis-e,scm
themis-e,sst,themis-e,sst
theos-1,ms,theos-1,ms
theos-2-main,ms,theos-2-main,ms
tianmu-1,tianmu-receiver,tianmu-1,tianmu-receiver
timed,guvi,timed,guvi
timed,saber,timed,saber
timed,see,timed,see
timed,tidi ,timed,tidi 
triton ,gpsr,triton ,gpsr
tropics-01,tms,tropics-01,tms
tropics-03,tms,tropics-03,tms
tropics-05,tms,tropics-05,tms
tropics-06,tms,tropics-06,tms
tropics-07,tms,tropics-07,tms
venus,vssc,venus,vssc
wind,epact,wind,epact
wind,mfi,wind,mfi
wind,plasma,wind,plasma
wind,sms,wind,sms
wind,swe,wind,swe
wind,tgrs,wind,tgrs
wind,waves,wind,waves
worldview-3,wv110,worldview-3,wv110
xmm-newton,epic,xmm-newton,epic
xmm-newton,om,xmm-newton,om
xmm-newton,rgs,xmm-newton,rgs
